SRA,Region,Zipcode,ZCTA,Total (55 to 64),Under .50 (55 to 64),.50 to .74 (55 to 64),.75 to .99 (55 to 64),1.00 to 1.24 (55 to 64),1.25 to 1.49 (55 to 64),1.50 to 1.74 (55 to 64),1.75 to 1.84 (55 to 64),1.85 to 1.99 (55 to 64),2.00 to 2.99 (55 to 64),3.00 to 3.99 (55 to 64),4.00 to 4.99 (55 to 64),5.00 and over (55 to 64),Total (65 to 74),Under .50 (65 to 74),.50 to .74 (65 to 74),.75 to .99 (65 to 74),1.00 to 1.24 (65 to 74),1.25 to 1.49 (65 to 74),1.50 to 1.74 (65 to 74),1.75 to 1.84 (65 to 74),1.85 to 1.99 (65 to 74),2.00 to 2.99 (65 to 74),3.00 to 3.99 (65 to 74),4.00 to 4.99 (65 to 74),5.00 and over (65 to 74),Total (75 and over),Under .50 (75 and over),.50 to .74 (75 and over),.75 to .99 (75 and over),1.00 to 1.24 (75 and over),1.25 to 1.49 (75 and over),1.50 to 1.74 (75 and over),1.75 to 1.84 (75 and over),1.85 to 1.99 (75 and over),2.00 to 2.99 (75 and over),3.00 to 3.99 (75 and over),4.00 to 4.99 (75 and over),5.00 and over (75 and over)
Vista,North Coastal,92081,92081,3176,154,23,25,42,173,55,76,103,464,270,321,1470,2007,117,8,28,0,125,73,6,151,177,362,195,765,1697,38,20,33,70,182,51,25,31,317,248,180,502
Vista,North Coastal, 92083, 92083,0,0,0,0,0,0,0,0,0,0,0,0,0,0,0,0,0,0,0,0,0,0,0,0,0,0,0,0,0,0,0,0,0,0,0,0,0,0,0
Vista,North Coastal, 92084, 92084,0,0,0,0,0,0,0,0,0,0,0,0,0,0,0,0,0,0,0,0,0,0,0,0,0,0,0,0,0,0,0,0,0,0,0,0,0,0,0
Vista,North Coastal,00000,00000,3176,154,23,25,42,173,55,76,103,464,270,321,1470,2007,117,8,28,0,125,73,6,151,177,362,195,765,1697,38,20,33,70,182,51,25,31,317,248,180,502
Laguna-Pine Valley,East,91916,91916,363,9,0,5,0,9,0,0,0,67,9,41,223,308,0,0,0,0,20,0,0,0,64,47,25,152,72,0,0,0,0,9,0,0,0,16,30,0,17
Laguna-Pine Valley,East, 91931, 91931,0,0,0,0,0,0,0,0,0,0,0,0,0,0,0,0,0,0,0,0,0,0,0,0,0,0,0,0,0,0,0,0,0,0,0,0,0,0,0
Laguna-Pine Valley,East, 91948, 91948,0,0,0,0,0,0,0,0,0,0,0,0,0,0,0,0,0,0,0,0,0,0,0,0,0,0,0,0,0,0,0,0,0,0,0,0,0,0,0
Laguna-Pine Valley,East,00000,00000,363,9,0,5,0,9,0,0,0,67,9,41,223,308,0,0,0,0,20,0,0,0,64,47,25,152,72,0,0,0,0,9,0,0,0,16,30,0,17
Santee,East,92071,92071,6360,226,166,141,160,48,167,35,31,628,761,688,3309,3954,92,17,137,112,301,99,81,175,585,404,591,1360,2657,24,40,89,88,163,80,10,103,652,391,392,625
Santee,East,00000,00000,6360,226,166,141,160,48,167,35,31,628,761,688,3309,3954,92,17,137,112,301,99,81,175,585,404,591,1360,2657,24,40,89,88,163,80,10,103,652,391,392,625
Pendleton,North Coastal,92055,92055,0,0,0,0,0,0,0,0,0,0,0,0,0,0,0,0,0,0,0,0,0,0,0,0,0,0,0,0,0,0,0,0,0,0,0,0,0,0,0
Pendleton,North Coastal, 92672, 92672,0,0,0,0,0,0,0,0,0,0,0,0,0,0,0,0,0,0,0,0,0,0,0,0,0,0,0,0,0,0,0,0,0,0,0,0,0,0,0
Pendleton,North Coastal,00000,00000,0,0,0,0,0,0,0,0,0,0,0,0,0,0,0,0,0,0,0,0,0,0,0,0,0,0,0,0,0,0,0,0,0,0,0,0,0,0,0
Valley Center,North Inland,92082,92082,3625,389,42,92,94,63,74,0,7,228,348,418,1870,1393,2,13,27,12,11,30,52,23,138,274,71,740,1202,16,6,34,47,18,143,26,108,78,103,65,558
Valley Center,North Inland,00000,00000,3625,389,42,92,94,63,74,0,7,228,348,418,1870,1393,2,13,27,12,11,30,52,23,138,274,71,740,1202,16,6,34,47,18,143,26,108,78,103,65,558
Kearny Mesa,North Central,92108,92108,1508,101,0,12,119,57,7,0,38,187,173,115,699,1098,87,0,71,74,0,18,45,17,122,114,76,474,828,0,15,71,48,55,83,0,51,158,108,53,186
Kearny Mesa,North Central, 92110, 92110,0,0,0,0,0,0,0,0,0,0,0,0,0,0,0,0,0,0,0,0,0,0,0,0,0,0,0,0,0,0,0,0,0,0,0,0,0,0,0
Kearny Mesa,North Central, 92111, 92111,0,0,0,0,0,0,0,0,0,0,0,0,0,0,0,0,0,0,0,0,0,0,0,0,0,0,0,0,0,0,0,0,0,0,0,0,0,0,0
Kearny Mesa,North Central, 92117, 92117,0,0,0,0,0,0,0,0,0,0,0,0,0,0,0,0,0,0,0,0,0,0,0,0,0,0,0,0,0,0,0,0,0,0,0,0,0,0,0
Kearny Mesa,North Central, 92123, 92123,0,0,0,0,0,0,0,0,0,0,0,0,0,0,0,0,0,0,0,0,0,0,0,0,0,0,0,0,0,0,0,0,0,0,0,0,0,0,0
Kearny Mesa,North Central,00000,00000,1508,101,0,12,119,57,7,0,38,187,173,115,699,1098,87,0,71,74,0,18,45,17,122,114,76,474,828,0,15,71,48,55,83,0,51,158,108,53,186
National City,South ,91950,91950,6367,408,376,301,435,396,468,96,211,1557,770,599,750,3346,173,186,292,212,201,232,30,129,769,402,227,493,3021,121,151,303,235,299,221,24,90,517,396,339,325
National City,South ,00000,00000,6367,408,376,301,435,396,468,96,211,1557,770,599,750,3346,173,186,292,212,201,232,30,129,769,402,227,493,3021,121,151,303,235,299,221,24,90,517,396,339,325
Mid City,Central,92105,92105,6314,593,254,474,467,654,492,20,293,895,761,423,988,2942,57,115,298,331,297,185,107,142,512,448,210,240,2253,65,138,286,217,204,250,27,117,363,310,101,175
Mid City,Central, 92115, 92115,0,0,0,0,0,0,0,0,0,0,0,0,0,0,0,0,0,0,0,0,0,0,0,0,0,0,0,0,0,0,0,0,0,0,0,0,0,0,0
Mid City,Central, 92116, 92116,0,0,0,0,0,0,0,0,0,0,0,0,0,0,0,0,0,0,0,0,0,0,0,0,0,0,0,0,0,0,0,0,0,0,0,0,0,0,0
Mid City,Central,00000,00000,6314,593,254,474,467,654,492,20,293,895,761,423,988,2942,57,115,298,331,297,185,107,142,512,448,210,240,2253,65,138,286,217,204,250,27,117,363,310,101,175
Miramar,North Central,92145,92145,87,0,0,0,0,0,0,0,0,0,0,0,87,9,0,0,0,0,0,0,0,0,0,0,0,9,80,0,0,0,0,0,0,0,0,11,0,39,30
Miramar,North Central,00000,00000,87,0,0,0,0,0,0,0,0,0,0,0,87,9,0,0,0,0,0,0,0,0,0,0,0,9,80,0,0,0,0,0,0,0,0,11,0,39,30
Palomar-Julian,North Inland,92060,92060,9,0,0,0,0,0,0,0,0,0,0,0,9,30,0,0,0,0,0,0,0,0,0,20,0,10,10,0,0,10,0,0,0,0,0,0,0,0,0
Palomar-Julian,North Inland, 92066, 92066,0,0,0,0,0,0,0,0,0,0,0,0,0,0,0,0,0,0,0,0,0,0,0,0,0,0,0,0,0,0,0,0,0,0,0,0,0,0,0
Palomar-Julian,North Inland, 92070, 92070,0,0,0,0,0,0,0,0,0,0,0,0,0,0,0,0,0,0,0,0,0,0,0,0,0,0,0,0,0,0,0,0,0,0,0,0,0,0,0
Palomar-Julian,North Inland, 92086, 92086,0,0,0,0,0,0,0,0,0,0,0,0,0,0,0,0,0,0,0,0,0,0,0,0,0,0,0,0,0,0,0,0,0,0,0,0,0,0,0
Palomar-Julian,North Inland, 92536, 92536,0,0,0,0,0,0,0,0,0,0,0,0,0,0,0,0,0,0,0,0,0,0,0,0,0,0,0,0,0,0,0,0,0,0,0,0,0,0,0
Palomar-Julian,North Inland,00000,00000,9,0,0,0,0,0,0,0,0,0,0,0,9,30,0,0,0,0,0,0,0,0,0,20,0,10,10,0,0,10,0,0,0,0,0,0,0,0,0
Poway,North Inland,92064,92064,6759,156,52,99,159,120,164,130,76,555,674,527,4047,4185,49,98,46,187,48,139,0,53,505,458,478,2124,2690,37,80,115,177,238,164,44,67,359,284,382,743
Poway,North Inland, 92131, 92131,0,0,0,0,0,0,0,0,0,0,0,0,0,0,0,0,0,0,0,0,0,0,0,0,0,0,0,0,0,0,0,0,0,0,0,0,0,0,0
Poway,North Inland,00000,00000,6759,156,52,99,159,120,164,130,76,555,674,527,4047,4185,49,98,46,187,48,139,0,53,505,458,478,2124,2690,37,80,115,177,238,164,44,67,359,284,382,743
Central San Diego,Central,92101,92101,4101,700,83,382,289,126,70,49,129,364,95,139,1675,2638,191,69,336,257,165,118,17,27,328,84,165,881,2084,170,47,331,156,231,170,29,39,201,227,9,474
Central San Diego,Central, 92102, 92102,0,0,0,0,0,0,0,0,0,0,0,0,0,0,0,0,0,0,0,0,0,0,0,0,0,0,0,0,0,0,0,0,0,0,0,0,0,0,0
Central San Diego,Central, 92103, 92103,0,0,0,0,0,0,0,0,0,0,0,0,0,0,0,0,0,0,0,0,0,0,0,0,0,0,0,0,0,0,0,0,0,0,0,0,0,0,0
Central San Diego,Central, 92104, 92104,0,0,0,0,0,0,0,0,0,0,0,0,0,0,0,0,0,0,0,0,0,0,0,0,0,0,0,0,0,0,0,0,0,0,0,0,0,0,0
Central San Diego,Central, 92134, 92134,0,0,0,0,0,0,0,0,0,0,0,0,0,0,0,0,0,0,0,0,0,0,0,0,0,0,0,0,0,0,0,0,0,0,0,0,0,0,0
Central San Diego,Central, 92136, 92113,0,0,0,0,0,0,0,0,0,0,0,0,0,0,0,0,0,0,0,0,0,0,0,0,0,0,0,0,0,0,0,0,0,0,0,0,0,0,0
Central San Diego,Central,00000,00000,4101,700,83,382,289,126,70,49,129,364,95,139,1675,2638,191,69,336,257,165,118,17,27,328,84,165,881,2084,170,47,331,156,231,170,29,39,201,227,9,474
South Bay,South ,91932,91932,2987,144,162,163,148,148,196,45,31,530,342,279,799,1271,34,87,127,67,115,84,6,16,276,145,109,205,1378,13,47,115,102,151,66,32,0,315,206,94,237
South Bay,South , 92154, 92154,0,0,0,0,0,0,0,0,0,0,0,0,0,0,0,0,0,0,0,0,0,0,0,0,0,0,0,0,0,0,0,0,0,0,0,0,0,0,0
South Bay,South , 92173, 92173,0,0,0,0,0,0,0,0,0,0,0,0,0,0,0,0,0,0,0,0,0,0,0,0,0,0,0,0,0,0,0,0,0,0,0,0,0,0,0
South Bay,South ,00000,00000,2987,144,162,163,148,148,196,45,31,530,342,279,799,1271,34,87,127,67,115,84,6,16,276,145,109,205,1378,13,47,115,102,151,66,32,0,315,206,94,237
Oceanside,North Coastal,92054,92054,4579,539,102,208,172,215,62,167,90,651,539,264,1570,2223,150,49,54,38,78,84,56,51,273,250,219,921,1866,46,24,70,55,69,127,51,62,393,398,152,419
Oceanside,North Coastal, 92056, 92056,0,0,0,0,0,0,0,0,0,0,0,0,0,0,0,0,0,0,0,0,0,0,0,0,0,0,0,0,0,0,0,0,0,0,0,0,0,0,0
Oceanside,North Coastal, 92057, 92057,0,0,0,0,0,0,0,0,0,0,0,0,0,0,0,0,0,0,0,0,0,0,0,0,0,0,0,0,0,0,0,0,0,0,0,0,0,0,0
Oceanside,North Coastal, 92058, 92058,0,0,0,0,0,0,0,0,0,0,0,0,0,0,0,0,0,0,0,0,0,0,0,0,0,0,0,0,0,0,0,0,0,0,0,0,0,0,0
Oceanside,North Coastal,00000,00000,4579,539,102,208,172,215,62,167,90,651,539,264,1570,2223,150,49,54,38,78,84,56,51,273,250,219,921,1866,46,24,70,55,69,127,51,62,393,398,152,419
Del Mar-Mira Mesa,North Central,92014,92014,2369,107,0,10,0,87,52,0,0,116,68,215,1714,1910,0,0,25,42,0,11,18,0,181,58,95,1480,1343,22,0,0,30,37,22,29,0,93,22,252,836
Del Mar-Mira Mesa,North Central, 92126, 92126,0,0,0,0,0,0,0,0,0,0,0,0,0,0,0,0,0,0,0,0,0,0,0,0,0,0,0,0,0,0,0,0,0,0,0,0,0,0,0
Del Mar-Mira Mesa,North Central, 92130, 92130,0,0,0,0,0,0,0,0,0,0,0,0,0,0,0,0,0,0,0,0,0,0,0,0,0,0,0,0,0,0,0,0,0,0,0,0,0,0,0
Del Mar-Mira Mesa,North Central,00000,00000,2369,107,0,10,0,87,52,0,0,116,68,215,1714,1910,0,0,25,42,0,11,18,0,181,58,95,1480,1343,22,0,0,30,37,22,29,0,93,22,252,836
Harbison Crest/El Cajon,East,92019,92019,6779,304,177,166,260,338,175,137,143,567,612,495,3405,3668,22,30,50,84,121,86,79,63,423,561,379,1770,3046,83,94,164,213,217,118,11,103,576,365,234,868
Harbison Crest/El Cajon,East, 92020, 92020,0,0,0,0,0,0,0,0,0,0,0,0,0,0,0,0,0,0,0,0,0,0,0,0,0,0,0,0,0,0,0,0,0,0,0,0,0,0,0
Harbison Crest/El Cajon,East, 92021, 92021,0,0,0,0,0,0,0,0,0,0,0,0,0,0,0,0,0,0,0,0,0,0,0,0,0,0,0,0,0,0,0,0,0,0,0,0,0,0,0
Harbison Crest/El Cajon,East,00000,00000,6779,304,177,166,260,338,175,137,143,567,612,495,3405,3668,22,30,50,84,121,86,79,63,423,561,379,1770,3046,83,94,164,213,217,118,11,103,576,365,234,868
Peninsula,North Central,92106,92106,2588,37,0,24,33,75,49,12,52,152,184,157,1813,1594,15,0,72,35,11,22,61,0,41,254,99,984,1629,78,40,0,28,64,38,0,72,172,177,102,858
Peninsula,North Central, 92107, 92107,0,0,0,0,0,0,0,0,0,0,0,0,0,0,0,0,0,0,0,0,0,0,0,0,0,0,0,0,0,0,0,0,0,0,0,0,0,0,0
Peninsula,North Central, 92140, 92140,0,0,0,0,0,0,0,0,0,0,0,0,0,0,0,0,0,0,0,0,0,0,0,0,0,0,0,0,0,0,0,0,0,0,0,0,0,0,0
Peninsula,North Central, 92147, 92147,0,0,0,0,0,0,0,0,0,0,0,0,0,0,0,0,0,0,0,0,0,0,0,0,0,0,0,0,0,0,0,0,0,0,0,0,0,0,0
Peninsula,North Central,00000,00000,2588,37,0,24,33,75,49,12,52,152,184,157,1813,1594,15,0,72,35,11,22,61,0,41,254,99,984,1629,78,40,0,28,64,38,0,72,172,177,102,858
El Cajon,East,92019,92019,6779,304,177,166,260,338,175,137,143,567,612,495,3405,3668,22,30,50,84,121,86,79,63,423,561,379,1770,3046,83,94,164,213,217,118,11,103,576,365,234,868
El Cajon,East, 92020, 92020,0,0,0,0,0,0,0,0,0,0,0,0,0,0,0,0,0,0,0,0,0,0,0,0,0,0,0,0,0,0,0,0,0,0,0,0,0,0,0
El Cajon,East,00000,00000,6779,304,177,166,260,338,175,137,143,567,612,495,3405,3668,22,30,50,84,121,86,79,63,423,561,379,1770,3046,83,94,164,213,217,118,11,103,576,365,234,868
Escondido,North Inland,92025,92025,5528,472,129,120,475,208,229,80,137,790,570,364,1954,2483,76,42,134,133,62,138,67,29,488,270,198,846,2158,68,81,112,190,150,104,44,76,369,287,195,482
Escondido,North Inland, 92026, 92026,0,0,0,0,0,0,0,0,0,0,0,0,0,0,0,0,0,0,0,0,0,0,0,0,0,0,0,0,0,0,0,0,0,0,0,0,0,0,0
Escondido,North Inland, 92027, 92027,0,0,0,0,0,0,0,0,0,0,0,0,0,0,0,0,0,0,0,0,0,0,0,0,0,0,0,0,0,0,0,0,0,0,0,0,0,0,0
Escondido,North Inland, 92029, 92029,0,0,0,0,0,0,0,0,0,0,0,0,0,0,0,0,0,0,0,0,0,0,0,0,0,0,0,0,0,0,0,0,0,0,0,0,0,0,0
Escondido,North Inland, 92096, 92078,0,0,0,0,0,0,0,0,0,0,0,0,0,0,0,0,0,0,0,0,0,0,0,0,0,0,0,0,0,0,0,0,0,0,0,0,0,0,0
Escondido,North Inland,00000,00000,5528,472,129,120,475,208,229,80,137,790,570,364,1954,2483,76,42,134,133,62,138,67,29,488,270,198,846,2158,68,81,112,190,150,104,44,76,369,287,195,482
Alpine,East,91901,91901,2700,74,6,34,41,41,52,107,8,152,279,250,1656,1814,20,9,19,56,83,30,15,0,208,290,251,833,1344,73,0,21,130,34,0,0,83,128,292,166,417
Alpine,East,00000,00000,2700,74,6,34,41,41,52,107,8,152,279,250,1656,1814,20,9,19,56,83,30,15,0,208,290,251,833,1344,73,0,21,130,34,0,0,83,128,292,166,417
North San Diego,North Inland,92091,92091,225,0,0,0,0,0,0,0,0,52,15,0,158,260,0,0,9,21,0,0,0,7,0,40,0,183,234,0,29,0,0,0,13,0,24,52,25,0,91
North San Diego,North Inland, 92127, 92127,0,0,0,0,0,0,0,0,0,0,0,0,0,0,0,0,0,0,0,0,0,0,0,0,0,0,0,0,0,0,0,0,0,0,0,0,0,0,0
North San Diego,North Inland, 92128, 92128,0,0,0,0,0,0,0,0,0,0,0,0,0,0,0,0,0,0,0,0,0,0,0,0,0,0,0,0,0,0,0,0,0,0,0,0,0,0,0
North San Diego,North Inland, 92129, 92129,0,0,0,0,0,0,0,0,0,0,0,0,0,0,0,0,0,0,0,0,0,0,0,0,0,0,0,0,0,0,0,0,0,0,0,0,0,0,0
North San Diego,North Inland,00000,00000,225,0,0,0,0,0,0,0,0,52,15,0,158,260,0,0,9,21,0,0,0,7,0,40,0,183,234,0,29,0,0,0,13,0,24,52,25,0,91
San Dieguito,North Coastal,92007,92007,1584,16,34,61,39,15,37,0,0,133,115,78,1056,1065,55,0,34,0,31,15,0,29,89,17,96,699,717,13,0,23,37,82,24,13,10,110,63,43,299
San Dieguito,North Coastal, 92024, 92024,0,0,0,0,0,0,0,0,0,0,0,0,0,0,0,0,0,0,0,0,0,0,0,0,0,0,0,0,0,0,0,0,0,0,0,0,0,0,0
San Dieguito,North Coastal, 92067, 92067,0,0,0,0,0,0,0,0,0,0,0,0,0,0,0,0,0,0,0,0,0,0,0,0,0,0,0,0,0,0,0,0,0,0,0,0,0,0,0
San Dieguito,North Coastal, 92075, 92075,0,0,0,0,0,0,0,0,0,0,0,0,0,0,0,0,0,0,0,0,0,0,0,0,0,0,0,0,0,0,0,0,0,0,0,0,0,0,0
San Dieguito,North Coastal,00000,00000,1584,16,34,61,39,15,37,0,0,133,115,78,1056,1065,55,0,34,0,31,15,0,29,89,17,96,699,717,13,0,23,37,82,24,13,10,110,63,43,299
Lemon Grove,East,91945,91945,3282,120,138,165,220,95,113,59,223,411,422,360,956,1605,48,20,98,46,93,51,29,26,326,296,185,387,1395,85,20,58,74,133,172,0,25,308,258,96,166
Lemon Grove,East,00000,00000,3282,120,138,165,220,95,113,59,223,411,422,360,956,1605,48,20,98,46,93,51,29,26,326,296,185,387,1395,85,20,58,74,133,172,0,25,308,258,96,166
University,North Central,92121,92121,351,0,0,0,0,23,0,11,0,13,13,6,285,137,0,0,0,0,0,7,0,5,0,12,22,91,68,0,0,0,0,6,8,0,7,6,0,12,29
University,North Central, 92122, 92122,0,0,0,0,0,0,0,0,0,0,0,0,0,0,0,0,0,0,0,0,0,0,0,0,0,0,0,0,0,0,0,0,0,0,0,0,0,0,0
University,North Central, 92161, 92161,0,0,0,0,0,0,0,0,0,0,0,0,0,0,0,0,0,0,0,0,0,0,0,0,0,0,0,0,0,0,0,0,0,0,0,0,0,0,0
University,North Central,00000,00000,351,0,0,0,0,23,0,11,0,13,13,6,285,137,0,0,0,0,0,7,0,5,0,12,22,91,68,0,0,0,0,6,8,0,7,6,0,12,29
Southeastern San Diego,Central,92113,92113,3431,347,262,474,255,248,127,97,153,718,374,165,211,1986,223,184,285,185,155,117,45,54,425,193,51,69,1672,59,116,253,170,164,137,34,99,275,208,78,79
Southeastern San Diego,Central, 92114, 92114,0,0,0,0,0,0,0,0,0,0,0,0,0,0,0,0,0,0,0,0,0,0,0,0,0,0,0,0,0,0,0,0,0,0,0,0,0,0,0
Southeastern San Diego,Central, 92139, 92139,0,0,0,0,0,0,0,0,0,0,0,0,0,0,0,0,0,0,0,0,0,0,0,0,0,0,0,0,0,0,0,0,0,0,0,0,0,0,0
Southeastern San Diego,Central,00000,00000,3431,347,262,474,255,248,127,97,153,718,374,165,211,1986,223,184,285,185,155,117,45,54,425,193,51,69,1672,59,116,253,170,164,137,34,99,275,208,78,79
Coronado,South ,92118,92118,3078,99,16,84,41,117,47,52,66,211,242,137,1966,2125,34,12,14,6,26,37,6,46,214,149,212,1369,2056,36,0,48,36,64,29,19,94,356,213,100,1061
Coronado,South , 92135, 92135,0,0,0,0,0,0,0,0,0,0,0,0,0,0,0,0,0,0,0,0,0,0,0,0,0,0,0,0,0,0,0,0,0,0,0,0,0,0,0
Coronado,South , 92155, 92155,0,0,0,0,0,0,0,0,0,0,0,0,0,0,0,0,0,0,0,0,0,0,0,0,0,0,0,0,0,0,0,0,0,0,0,0,0,0,0
Coronado,South ,00000,00000,3078,99,16,84,41,117,47,52,66,211,242,137,1966,2125,34,12,14,6,26,37,6,46,214,149,212,1369,2056,36,0,48,36,64,29,19,94,356,213,100,1061
Elliot-Navajo,North Central,92119,92119,3491,65,19,55,89,119,119,33,74,303,260,460,1895,2051,58,65,12,7,44,39,38,39,201,237,363,948,2632,89,21,158,157,90,102,79,93,420,289,467,667
Elliot-Navajo,North Central, 92120, 92120,0,0,0,0,0,0,0,0,0,0,0,0,0,0,0,0,0,0,0,0,0,0,0,0,0,0,0,0,0,0,0,0,0,0,0,0,0,0,0
Elliot-Navajo,North Central, 92124, 92124,0,0,0,0,0,0,0,0,0,0,0,0,0,0,0,0,0,0,0,0,0,0,0,0,0,0,0,0,0,0,0,0,0,0,0,0,0,0,0
Elliot-Navajo,North Central,00000,00000,3491,65,19,55,89,119,119,33,74,303,260,460,1895,2051,58,65,12,7,44,39,38,39,201,237,363,948,2632,89,21,158,157,90,102,79,93,420,289,467,667
Pauma,North Inland,92059,92059,102,12,0,4,0,9,3,5,8,11,8,3,39,138,1,2,6,4,4,0,0,0,15,2,90,14,21,0,0,0,3,0,0,0,0,0,2,2,14
Pauma,North Inland, 92061, 92061,0,0,0,0,0,0,0,0,0,0,0,0,0,0,0,0,0,0,0,0,0,0,0,0,0,0,0,0,0,0,0,0,0,0,0,0,0,0,0
Pauma,North Inland,00000,00000,102,12,0,4,0,9,3,5,8,11,8,3,39,138,1,2,6,4,4,0,0,0,15,2,90,14,21,0,0,0,3,0,0,0,0,0,2,2,14
Ramona,North Inland,92065,92065,6327,422,64,176,226,101,27,26,96,913,523,536,3217,2440,30,32,33,115,74,61,12,53,410,311,134,1175,1909,70,67,138,32,21,91,24,37,441,355,221,412
Ramona,North Inland,00000,00000,6327,422,64,176,226,101,27,26,96,913,523,536,3217,2440,30,32,33,115,74,61,12,53,410,311,134,1175,1909,70,67,138,32,21,91,24,37,441,355,221,412
Jamul,East,91917,91917,92,0,0,27,0,0,0,0,0,0,18,26,21,119,0,0,36,0,11,0,0,51,0,0,7,14,67,4,5,37,0,0,0,17,0,0,0,0,4
Jamul,East, 91935, 91935,0,0,0,0,0,0,0,0,0,0,0,0,0,0,0,0,0,0,0,0,0,0,0,0,0,0,0,0,0,0,0,0,0,0,0,0,0,0,0
Jamul,East, 91978, 91978,0,0,0,0,0,0,0,0,0,0,0,0,0,0,0,0,0,0,0,0,0,0,0,0,0,0,0,0,0,0,0,0,0,0,0,0,0,0,0
Jamul,East,00000,00000,92,0,0,27,0,0,0,0,0,0,18,26,21,119,0,0,36,0,11,0,0,51,0,0,7,14,67,4,5,37,0,0,0,17,0,0,0,0,4
Anza-Borrego Springs,North Inland,92004,92004,368,0,0,34,0,32,47,0,0,81,15,104,55,372,0,0,43,42,41,0,0,16,71,0,48,111,459,0,0,0,0,0,158,0,0,179,50,5,67
Anza-Borrego Springs,North Inland, 92036, 92036,0,0,0,0,0,0,0,0,0,0,0,0,0,0,0,0,0,0,0,0,0,0,0,0,0,0,0,0,0,0,0,0,0,0,0,0,0,0,0
Anza-Borrego Springs,North Inland, 92259, 92259,0,0,0,0,0,0,0,0,0,0,0,0,0,0,0,0,0,0,0,0,0,0,0,0,0,0,0,0,0,0,0,0,0,0,0,0,0,0,0
Anza-Borrego Springs,North Inland,00000,00000,368,0,0,34,0,32,47,0,0,81,15,104,55,372,0,0,43,42,41,0,0,16,71,0,48,111,459,0,0,0,0,0,158,0,0,179,50,5,67
Lakeside,East,92040,92040,5782,190,62,69,32,129,128,114,119,900,672,723,2644,3509,74,21,175,63,104,163,77,118,737,417,250,1310,2078,17,37,16,70,147,42,27,70,620,400,130,502
Lakeside,East,00000,00000,5782,190,62,69,32,129,128,114,119,900,672,723,2644,3509,74,21,175,63,104,163,77,118,737,417,250,1310,2078,17,37,16,70,147,42,27,70,620,400,130,502
Sweetwater,South ,91902,91902,2553,120,76,17,13,103,47,8,67,222,204,185,1491,2092,28,19,18,73,24,10,0,0,193,128,293,1306,1424,40,12,31,8,56,44,0,31,259,266,161,516
Sweetwater,South , 91913, 91913,0,0,0,0,0,0,0,0,0,0,0,0,0,0,0,0,0,0,0,0,0,0,0,0,0,0,0,0,0,0,0,0,0,0,0,0,0,0,0
Sweetwater,South , 91914, 91914,0,0,0,0,0,0,0,0,0,0,0,0,0,0,0,0,0,0,0,0,0,0,0,0,0,0,0,0,0,0,0,0,0,0,0,0,0,0,0
Sweetwater,South , 91915, 91915,0,0,0,0,0,0,0,0,0,0,0,0,0,0,0,0,0,0,0,0,0,0,0,0,0,0,0,0,0,0,0,0,0,0,0,0,0,0,0
Sweetwater,South ,00000,00000,2553,120,76,17,13,103,47,8,67,222,204,185,1491,2092,28,19,18,73,24,10,0,0,193,128,293,1306,1424,40,12,31,8,56,44,0,31,259,266,161,516
La Mesa,East,91941,91941,4726,129,47,112,80,115,196,54,27,539,499,366,2562,2904,16,26,179,61,90,50,34,28,403,253,330,1434,2618,33,62,91,99,126,132,59,26,356,275,328,1031
La Mesa,East, 91942, 91942,0,0,0,0,0,0,0,0,0,0,0,0,0,0,0,0,0,0,0,0,0,0,0,0,0,0,0,0,0,0,0,0,0,0,0,0,0,0,0
La Mesa,East,00000,00000,4726,129,47,112,80,115,196,54,27,539,499,366,2562,2904,16,26,179,61,90,50,34,28,403,253,330,1434,2618,33,62,91,99,126,132,59,26,356,275,328,1031
Fallbrook,North Inland,92003,92003,804,34,32,39,21,20,12,0,9,95,134,30,378,649,0,19,0,15,51,53,0,0,82,119,43,267,367,0,8,0,10,0,22,0,0,28,102,41,156
Fallbrook,North Inland, 92028, 92028,0,0,0,0,0,0,0,0,0,0,0,0,0,0,0,0,0,0,0,0,0,0,0,0,0,0,0,0,0,0,0,0,0,0,0,0,0,0,0
Fallbrook,North Inland, 92088, 92088,0,0,0,0,0,0,0,0,0,0,0,0,0,0,0,0,0,0,0,0,0,0,0,0,0,0,0,0,0,0,0,0,0,0,0,0,0,0,0
Fallbrook,North Inland, 92592, 92592,0,0,0,0,0,0,0,0,0,0,0,0,0,0,0,0,0,0,0,0,0,0,0,0,0,0,0,0,0,0,0,0,0,0,0,0,0,0,0
Fallbrook,North Inland,00000,00000,804,34,32,39,21,20,12,0,9,95,134,30,378,649,0,19,0,15,51,53,0,0,82,119,43,267,367,0,8,0,10,0,22,0,0,28,102,41,156
Coastal,North Central,92037,92037,4791,301,34,64,115,44,61,33,125,195,289,227,3303,4600,84,25,62,14,41,79,47,0,392,212,403,3241,3861,126,45,27,178,89,63,52,74,419,275,289,2224
Coastal,North Central, 92093, 92109,0,0,0,0,0,0,0,0,0,0,0,0,0,0,0,0,0,0,0,0,0,0,0,0,0,0,0,0,0,0,0,0,0,0,0,0,0,0,0
Coastal,North Central,00000,00000,4791,301,34,64,115,44,61,33,125,195,289,227,3303,4600,84,25,62,14,41,79,47,0,392,212,403,3241,3861,126,45,27,178,89,63,52,74,419,275,289,2224
San Marcos,North Inland,92069,92069,4476,264,156,52,203,203,155,156,128,785,550,514,1310,2774,141,6,88,81,212,102,48,224,465,310,339,758,2056,88,20,109,95,224,74,36,0,660,205,153,392
San Marcos,North Inland, 92078, 92078,0,0,0,0,0,0,0,0,0,0,0,0,0,0,0,0,0,0,0,0,0,0,0,0,0,0,0,0,0,0,0,0,0,0,0,0,0,0,0
San Marcos,North Inland,00000,00000,4476,264,156,52,203,203,155,156,128,785,550,514,1310,2774,141,6,88,81,212,102,48,224,465,310,339,758,2056,88,20,109,95,224,74,36,0,660,205,153,392
Chula Vista,South ,91910,91910,8732,266,195,414,441,277,187,40,244,1451,1072,952,3193,5836,266,169,236,222,246,187,108,137,864,731,681,1989,5170,239,132,413,291,344,274,95,198,802,790,400,1192
Chula Vista,South , 91911, 91911,0,0,0,0,0,0,0,0,0,0,0,0,0,0,0,0,0,0,0,0,0,0,0,0,0,0,0,0,0,0,0,0,0,0,0,0,0,0,0
Chula Vista,South ,00000,00000,8732,266,195,414,441,277,187,40,244,1451,1072,952,3193,5836,266,169,236,222,246,187,108,137,864,731,681,1989,5170,239,132,413,291,344,274,95,198,802,790,400,1192
Mountain Empire,East,91905,91905,159,16,1,40,0,0,51,0,0,0,13,34,4,54,18,0,0,11,0,0,0,0,0,0,25,0,251,21,0,0,59,23,0,0,0,0,0,148,0
Mountain Empire,East, 91906, 91906,0,0,0,0,0,0,0,0,0,0,0,0,0,0,0,0,0,0,0,0,0,0,0,0,0,0,0,0,0,0,0,0,0,0,0,0,0,0,0
Mountain Empire,East, 91934, 91934,0,0,0,0,0,0,0,0,0,0,0,0,0,0,0,0,0,0,0,0,0,0,0,0,0,0,0,0,0,0,0,0,0,0,0,0,0,0,0
Mountain Empire,East, 91962, 91962,0,0,0,0,0,0,0,0,0,0,0,0,0,0,0,0,0,0,0,0,0,0,0,0,0,0,0,0,0,0,0,0,0,0,0,0,0,0,0
Mountain Empire,East, 91963, 91963,0,0,0,0,0,0,0,0,0,0,0,0,0,0,0,0,0,0,0,0,0,0,0,0,0,0,0,0,0,0,0,0,0,0,0,0,0,0,0
Mountain Empire,East, 91980, 91980,0,0,0,0,0,0,0,0,0,0,0,0,0,0,0,0,0,0,0,0,0,0,0,0,0,0,0,0,0,0,0,0,0,0,0,0,0,0,0
Mountain Empire,East,00000,00000,159,16,1,40,0,0,51,0,0,0,13,34,4,54,18,0,0,11,0,0,0,0,0,0,25,0,251,21,0,0,59,23,0,0,0,0,0,148,0
Spring Valley,East,91977,91977,7147,277,146,434,263,259,138,195,183,1329,944,875,2104,3896,194,38,165,162,318,57,174,75,627,706,328,1052,2622,84,23,118,55,102,256,71,60,509,548,293,503
Spring Valley,East, 92077, 92077,0,0,0,0,0,0,0,0,0,0,0,0,0,0,0,0,0,0,0,0,0,0,0,0,0,0,0,0,0,0,0,0,0,0,0,0,0,0,0
Spring Valley,East,00000,00000,7147,277,146,434,263,259,138,195,183,1329,944,875,2104,3896,194,38,165,162,318,57,174,75,627,706,328,1052,2622,84,23,118,55,102,256,71,60,509,548,293,503
Carlsbad,North Coastal,92008,92008,3551,271,16,123,69,129,126,26,31,576,151,288,1745,2381,104,46,28,31,91,97,158,18,162,124,361,1161,2162,46,25,130,48,69,89,34,14,397,118,283,909
Carlsbad,North Coastal, 92009, 92009,0,0,0,0,0,0,0,0,0,0,0,0,0,0,0,0,0,0,0,0,0,0,0,0,0,0,0,0,0,0,0,0,0,0,0,0,0,0,0
Carlsbad,North Coastal, 92010, 92010,0,0,0,0,0,0,0,0,0,0,0,0,0,0,0,0,0,0,0,0,0,0,0,0,0,0,0,0,0,0,0,0,0,0,0,0,0,0,0
Carlsbad,North Coastal, 92011, 92011,0,0,0,0,0,0,0,0,0,0,0,0,0,0,0,0,0,0,0,0,0,0,0,0,0,0,0,0,0,0,0,0,0,0,0,0,0,0,0
Carlsbad,North Coastal,00000,00000,3551,271,16,123,69,129,126,26,31,576,151,288,1745,2381,104,46,28,31,91,97,158,18,162,124,361,1161,2162,46,25,130,48,69,89,34,14,397,118,283,909
